Wikipedia Station Names,Google API Station Names,Zoopla Scraper Station Names,Dexter Scraper Station Names
Acton Town tube station,Acton Town,,Acton Town
Aldgate tube station,Aldgate,Aldgate,
Aldgate East tube station,Aldgate East,Aldgate East,
Alperton tube station,Alperton,,
Amersham station,Amersham,,
Angel tube station,Angel,Angel,Angel
N/A (Overground Station),Angel,Angel,First Capital Connect Angel
Archway tube station,Archway,Archway,Northern Archway
Archway tube station,Archway,Archway,Archway
Arnos Grove tube station,Arnos Grove,,
Arsenal tube station,Arsenal,Arsenal,
Baker Street tube station,Baker Street,Baker Street,Baker Street
Balham station,Balham,Balham,
N/A (Overground Station),Balham,Balham,Southern Balham
Bank and Monument stations,Bank,,
Barbican tube station,Barbican,Barbican,Metropolitan Barbican
N/A (Overground Station),Barbican,Barbican,First Capital Connect Barbican
Barbican tube station,Barbican,Barbican,Northern Barbican
Barking station,Barking,,
Barkingside tube station,Barkingside,,
Barons Court tube station,Barons Court,Barons Court,Barons Court
Bayswater tube station,Bayswater,Bayswater,Circle Bayswater
Bayswater tube station,Bayswater,Bayswater,Hammersmith & City Bayswater
Becontree tube station,Becontree,,
Belsize Park tube station,Belsize Park,,Belsize Park
Bermondsey tube station,Bermondsey,Bermondsey,Bermondsey
N/A (Overground Station),Bermondsey,Bermondsey,First Capital Connect Bermondsey
Bethnal Green tube station,Bethnal Green,,
Blackfriars station,Blackfriars,Blackfriars,
Blackhorse Road station,Blackhorse Road,,
Bond Street tube station,Bond Street,Bond Street,Bond Street
Borough tube station,Borough,Borough,Northern Borough
Boston Manor tube station,Boston Manor,,
Bounds Green tube station,Bounds Green,,
Bow Road tube station,Bow Road,Bow Road,
Brent Cross tube station,Brent Cross,,
Brixton tube station,Brixton,Brixton,
N/A (Overground Station),Brixton,Brixton,Southern Brixton
Bromley-by-Bow tube station,Bromley-by-Bow,Bromley-By-Bow,
Buckhurst Hill tube station,Buckhurst Hill,,
Burnt Oak tube station,Burnt Oak,,
Caledonian Road tube station,Caledonian Road,Caledonian Road,Caledonian Road
Camden Town tube station,Camden Town,Camden Town,Camden Town
Canada Water station,Canada Water,Canada Water,Canada Water
Canary Wharf tube station,Canary Wharf,Canary Wharf,
Canning Town station,Canning Town,Canning Town,
Cannon Street station,Cannon Street,London Cannon Street,
Canons Park tube station,Canons Park,,
Chalfont & Latimer station,Chalfont and Latimer,,
Chalk Farm tube station,Chalk Farm,Chalk Farm,Chalk Farm
Chancery Lane tube station,Chancery Lane,Chancery Lane,Chancery Lane
Charing Cross tube station,Charing Cross,Charing Cross,Charing Cross
N/A (Overground Station),Charing Cross,London Charing Cross,
Chesham tube station,Chesham,,
Chigwell tube station,Chigwell,,
Chiswick Park tube station,Chiswick Park,,Chiswick Park
Chorleywood station,Chorleywood,,
Clapham Common tube station,Clapham Common,Clapham Common,Clapham Common
Clapham North tube station,Clapham North,Clapham North,Clapham North
Clapham South tube station,Clapham South,Clapham South,Clapham South
Cockfosters tube station,Cockfosters,,
Colindale tube station,Colindale,,
Colliers Wood tube station,Colliers Wood,Colliers Wood,
Covent Garden tube station,Covent Garden,Covent Garden,Covent Garden
Croxley tube station,Croxley,,
Dagenham East tube station,Dagenham East,,
Dagenham Heathway tube station,Dagenham Heathway,,
Debden tube station,Debden,,
Dollis Hill tube station,Dollis Hill,,
Ealing Broadway station,Ealing Broadway,,Ealing Broadway
Ealing Common tube station,Ealing Common,,Ealing Common
Earl's Court tube station,Earls Court,Earl's Court,
East Acton tube station,East Acton,East Acton,East Acton
East Finchley tube station,East Finchley,,
East Ham tube station,East Ham,,
East Putney tube station,East Putney,East Putney,East Putney
Eastcote tube station,Eastcote,,
Edgware tube station,Edgware,,
Edgware Road tube station (Bakerloo line),Edgware Road (Bakerloo),Edgware Road Bakerloo,Edgware Road (Bakerloo)
"Edgware Road tube station (Circle, District and Hammersmith & City lines)",Edgware Road (Circle/District/Hammersmith and City),Edgware Road Circle,Edgware Road
Elephant & Castle tube station,Elephant and Castle,Elephant & Castle,Elephant & Castle
Elm Park tube station,Elm Park,,
Embankment tube station,Embankment,Embankment,
Epping tube station,Epping,,
Euston tube station,Euston,Euston,
N/A (Overground Station),Euston,London Euston,
Euston Square tube station,Euston Square,Euston Square,
Fairlop tube station,Fairlop,,
Farringdon station,Farringdon,Farringdon,First Capital Connect Farringdon
Finchley Central tube station,Finchley Central,,
Finchley Road tube station,Finchley Road,,Finchley Road
Finsbury Park station,Finsbury Park,Finsbury Park,
Fulham Broadway tube station,Fulham Broadway,Fulham Broadway,Fulham Broadway
Gants Hill tube station,Gants Hill,,
Gloucester Road tube station,Gloucester Road,Gloucester Road,Gloucester Road
Golders Green tube station,Golders Green,,Golders Green
Goldhawk Road tube station,Goldhawk Road,Goldhawk Road,Goldhawk Road
Goodge Street tube station,Goodge Street,Goodge Street,Goodge Street
Grange Hill tube station,Grange Hill,,
Great Portland Street tube station,Great Portland Street,Great Portland Street,Great Portland Street
Greenford station,Greenford,,
Green Park tube station,Green Park,Green Park,Green Park
Gunnersbury station,Gunnersbury,,Gunnersbury
Gunnersbury station,Gunnersbury,,District Gunnersbury
Hainault tube station,Hainault,,
Hammersmith tube station (District and Piccadilly lines),Hammersmith (District),Hammersmith (D & P),District Hammersmith
Hammersmith tube station (Circle and Hammersmith & City lines),Hammersmith (Met.),Hammersmith,
Hampstead tube station,Hampstead,,Hampstead
Hampstead tube station,Hampstead,,Metropolitan Hampstead
Hampstead tube station,Hampstead,,Northern Hampstead
Hanger Lane tube station,Hanger Lane,,
Harlesden station,Harlesden,,
Harrow & Wealdstone station,Harrow and Wealdstone,,
Harrow-on-the-Hill station,Harrow-on-the-Hill,,
Hatton Cross tube station,Hatton Cross,,
Heathrow Terminals 2 & 3 tube station,Heathrow Terminals 1 2 3,,
Heathrow Terminal 4 tube station,Heathrow Terminal 4,,
Heathrow Terminal 5 station,Heathrow Terminal 5,,
Hendon Central tube station,Hendon Central,,
High Barnet tube station,High Barnet,,
Highbury & Islington station,Highbury and Islington,Highbury & Islington,
Highgate tube station,Highgate,,Highgate
Highgate tube station,Highgate,,Northern Highgate
N/A (Overground Station),Highgate,,First Capital Connect Highgate
High Street Kensington tube station,High Street Kensington,High Street Kensington,High Street Kensington
Hillingdon tube station,Hillingdon,,
Holborn tube station,Holborn,Holborn,Metropolitan Holborn
Holborn tube station,Holborn,Holborn,Circle Holborn
Holborn tube station,Holborn,Holborn,Piccadilly Holborn
Holland Park tube station,Holland Park,Holland Park,
Holloway Road tube station,Holloway Road,Holloway Road,Holloway Road
Hornchurch tube station,Hornchurch,,
Hounslow Central tube station,Hounslow Central,,
Hounslow East tube station,Hounslow East,,
Hounslow West tube station,Hounslow West,,
Hyde Park Corner tube station,Hyde Park Corner,Hyde Park Corner,
Ickenham tube station,Ickenham,,
Kennington tube station,Kennington,Kennington,Kennington
N/A (Overground Station),Kennington,Kennington,First Capital Connect Kennington
Kensal Green station,Kensal Green,Kensal Green,Kensal Green
Kensington (Olympia) station,Kensington (Olympia),Kensington (Olympia),Kensington (Olympia)
N/A (Overground Station),Kensington (Olympia),Kensington Olympia,
Kentish Town station,Kentish Town,Kentish Town,Kentish Town
Kenton station,Kenton,,
Kew Gardens station (London),Kew Gardens,,Kew Gardens
Kilburn tube station,Kilburn,,Kilburn
Kilburn Park tube station,Kilburn Park,Kilburn Park,Kilburn Park
Kingsbury tube station,Kingsbury,,
King's Cross St Pancras tube station,Kings Cross St. Pancras,King's Cross St. Pancras,
N/A (Overground Station),Kings Cross St. Pancras,London Kings Cross,
Knightsbridge tube station,Knightsbridge,Knightsbridge,Knightsbridge
Knightsbridge tube station,Knightsbridge,Knightsbridge,Circle Knightsbridge
Ladbroke Grove tube station,Ladbroke Grove,Ladbroke Grove,Ladbroke Grove
Lambeth North tube station,Lambeth North,Lambeth North,Lambeth North
Lancaster Gate tube station,Lancaster Gate,Lancaster Gate,Lancaster Gate
Latimer Road tube station,Latimer Road,Latimer Road,
Leicester Square tube station,Leicester Square,Leicester Square,
Leyton tube station,Leyton,,
N/A (Overground Station),Leyton,,Southeastern Leyton
Leytonstone tube station,Leytonstone,,
Liverpool Street station,Liverpool Street,Liverpool Street,
N/A (Overground Station),Liverpool Street,London Liverpool Street,
London Bridge station,London Bridge,London Bridge,
Loughton tube station,Loughton,,
Maida Vale tube station,Maida Vale,Maida Vale,Maida Vale
Manor House tube station,Manor House,,
Mansion House tube station,Mansion House,Mansion House,
Marble Arch tube station,Marble Arch,Marble Arch,Marble Arch
Marylebone station,Marylebone,Marylebone,Marylebone
Marylebone station,Marylebone,Marylebone,Central Marylebone
Marylebone station,Marylebone,Marylebone,Circle Marylebone
N/A (Overground Station),Marylebone,London Marylebone,
Mile End tube station,Mile End,Mile End,
Mill Hill East tube station,Mill Hill East,,
Bank and Monument stations,Bank,,
Moorgate station,Moorgate,Moorgate,
Moor Park tube station,Moor Park,,
Morden tube station,Morden,,
Mornington Crescent tube station,Mornington Crescent,Mornington Crescent,
Neasden tube station,Neasden,,
Newbury Park tube station,Newbury Park,,
North Acton tube station,North Acton,,
North Ealing tube station,North Ealing,,
North Greenwich tube station,North Greenwich,North Greenwich,
North Harrow tube station,North Harrow,,
North Wembley station,North Wembley,,
Northfields tube station,Northfields,,
Northolt tube station,Northolt,,
Northwick Park tube station,Northwick Park,,
Northwood tube station,Northwood,,
Northwood Hills tube station,Northwood Hills,,
Notting Hill Gate tube station,Notting Hill Gate,Notting Hill Gate,
Oakwood tube station,Oakwood,,
Old Street station,Old Street,Old Street,Old Street
Osterley tube station,Osterley,,Osterley
Oval tube station,Oval,Oval,
Oxford Circus tube station,Oxford Circus,Oxford Circus,Oxford Circus
"Paddington tube station (Bakerloo, Circle and District lines)",Paddington,Paddington,Paddington (Praed St)
Paddington tube station (Circle and Hammersmith & City lines),Paddington,Paddington,
N/A (Overground Station),Paddington,London Paddington,
Park Royal tube station,Park Royal,,
Parsons Green tube station,Parsons Green,Parsons Green,Parsons Green
Perivale tube station,Perivale,,
Piccadilly Circus tube station,Piccadilly Circus,Piccadilly Circus,Piccadilly Circus
Pimlico tube station,Pimlico,Pimlico,Pimlico
Pimlico tube station,Pimlico,Pimlico,0.74m Pimlico
Pinner tube station,Pinner,,
Plaistow tube station,Plaistow,,
Preston Road tube station,Preston Road,,
Putney Bridge tube station,Putney Bridge,Putney Bridge,Putney Bridge
Queen's Park (London) station,Queens Park,Queens Park (London),Queen's Park (Gt London)
N/A (Overground Station),Queens Park,Queen's Park,
Queensbury tube station,Queensbury,,
Queensway tube station,Queensway,Queensway,Circle Queensway
Ravenscourt Park tube station,Ravenscourt Park,Ravenscourt Park,Ravenscourt Park
Rayners Lane tube station,Raynes Park,Raynes Park,
Redbridge tube station,Redbridge,,
Regent's Park tube station,Regents Park,Regent's Park,
Richmond station (London),Richmond,,Richmond
Richmond station (London),Richmond,,London Underground Richmond
Rickmansworth station,Rickmansworth,,
Roding Valley tube station,Roding Valley,,
Royal Oak tube station,Royal Oak,Royal Oak,Royal Oak
Ruislip tube station,Ruislip,,
Ruislip Gardens tube station,Ruislip Gardens,,
Ruislip Manor tube station,Ruislip Manor,,
Russell Square tube station,Russell Square,Russell Square,
St. James's Park tube station,St. James's Park,St. James's Park,St.James's Park
St. John's Wood tube station,St. Johns Wood,St. John's Wood,St.John's Wood
St. Paul's tube station,St. Pauls,St. Paul's,
Seven Sisters station,Seven Sisters,,
Shepherd's Bush tube station,Shepherds Bush,Shepherd's Bush Central,
Shepherd's Bush tube station,Shepherds Bush,Shepherd's Bush Hammersmith & City,
N/A (Overground Station),Shepherds Bush,Shepherd's Bush,
Shepherd's Bush Market tube station,Shepherds Bush Market,,
Sloane Square tube station,Sloane Square,Sloane Square,Sloane Square
Snaresbrook tube station,Snaresbrook,,
South Ealing tube station,South Ealing,,
South Harrow tube station,South Harrow,,
South Kensington tube station,South Kensington,South Kensington,South Kensington
South Kenton station,South Kenton,,
South Ruislip station,South Ruislip,,
South Wimbledon tube station,South Wimbledon,,South Wimbledon
South Woodford tube station,South Woodford,,
Southfields tube station,Southfields,Southfields,Southfields
Southfields tube station,Southfields,Southfields,District Southfields
Southgate tube station,Southgate,,
Southwark tube station,Southwark,Southwark,Southwark
N/A (Overground Station),Southwark,Southwark,First Capital Connect Southwark
Stamford Brook tube station,Stamford Brook,Stamford Brook,Stamford Brook
Stanmore tube station,Stanmore,,
Stepney Green tube station,Stepney Green,Stepney Green,Stepney Green
Stockwell tube station,Stockwell,Stockwell,Stockwell
Stockwell tube station,Stockwell,Stockwell,0.29m Stockwell
N/A (Overground Station),Stockwell,Stockwell,Southeastern Stockwell
Stonebridge Park station,Stonebridge Park,,
Stratford station,Stratford,,National Express East Anglia Stratford
Sudbury Hill tube station,Sudbury Hill,,
Sudbury Town tube station,Sudbury Town,,
Swiss Cottage tube station,Swiss Cottage,Swiss Cottage,Swiss Cottage
Temple tube station,Temple,Temple,
N/A (Overground Station),Temple,Temple,First Capital Connect Temple
Theydon Bois tube station,Theydon Bois,,
Tooting Bec tube station,Tooting Bec,Tooting Bec,
Tooting Broadway tube station,Tooting Broadway,Tooting Broadway,
Tottenham Court Road station,Tottenham Court Road,Tottenham Court Road,
Tottenham Hale station,Tottenham Hale,,
Totteridge & Whetstone tube station,Totteridge and Whetstone,,
Tower Hill tube station,Tower Hill,Tower Hill,Tower Hill
Tufnell Park tube station,Tufnell Park,,Tufnell Park
Turnham Green tube station,Turnham Green,Turnham Green,
Turnpike Lane tube station,Turnpike Lane,,
Upminster station,Upminster,,
Upminster Bridge tube station,Upminster Bridge,,
Upney tube station,Upney,,
Upton Park tube station,Upton Park,,
Uxbridge tube station,Uxbridge,,
Vauxhall station,Vauxhall,Vauxhall,Vauxhall
Vauxhall station,Vauxhall,Vauxhall,Northern Vauxhall
London Victoria station,Victoria,Victoria,Victoria
N/A (Overground Station),Victoria,London Victoria,
Walthamstow Central station,Walthamstow Central,,
Wanstead tube station,Wanstead,,
Warren Street tube station,Warren Street,Warren Street,
Warwick Avenue tube station,Warwick Avenue,Warwick Avenue,Warwick Avenue
Waterloo tube station,Waterloo East,London Waterloo East,
Watford tube station,Watford,,
Wembley Central station,Wembley Central,,
Wembley Park tube station,Wembley Park,,
West Acton tube station,West Acton,,West Acton
West Brompton station,West Brompton,West Brompton,West Brompton
West Finchley tube station,West Finchley,,
West Ham station,West Ham,,
West Hampstead tube station,West Hampstead,,West Hampstead
West Harrow tube station,West Harrow,,
West Kensington tube station,West Kensington,West Kensington,
West Ruislip station,West Ruislip,,
Westbourne Park tube station,Westbourne Park,Westbourne Park,Westbourne Park
Westminster tube station,Westminster,Westminster,Westminster
White City tube station,White City,White City,
Whitechapel station,Whitechapel,Whitechapel,
Willesden Green tube station,Willesden Green,,Willesden Green
Willesden Junction station,Willesden Junction,,Willesden Junction
Wimbledon station,Wimbledon,,Wimbledon
N/A (Overground Station),Wimbledon,,First Capital Connect Wimbledon
Wimbledon Park tube station,Wimbledon Park,Wimbledon Park,Wimbledon Park
Wood Green tube station,Wood Green,,
Wood Lane tube station,Wood Lane,,
Woodford tube station,Woodford,,
Woodside Park tube station,Woodside Park,,
N/A (Overground Station),Abbey Road,,
N/A (Overground Station),Abbey Wood,,
N/A (Overground Station),Acton Central,,
N/A (Overground Station),Acton Main Line,,
N/A (Overground Station),Addington Village,,
N/A (Overground Station),Addiscombe,,
N/A (Overground Station),Albany Park,,
N/A (Overground Station),Alexandra Palace,,
N/A (Overground Station),All Saints,All Saints,
N/A (Overground Station),Ampere Way,,
N/A (Overground Station),Anerley,,
N/A (Overground Station),Angel Road,,
N/A (Overground Station),Arena,,
N/A (Overground Station),Avenue Road,,
N/A (Overground Station),Banstead,,
N/A (Overground Station),Barnehurst,,
N/A (Overground Station),Barnes,Barnes,
N/A (Overground Station),Barnes Bridge,Barnes Bridge,
N/A (Overground Station),Battersea Park,Battersea Park,
N/A (Overground Station),Battersea Power Station,,
N/A (Overground Station),Beckenham Hill,Beckenham Hill,
N/A (Overground Station),Beckenham Junction,,
N/A (Overground Station),Beckenham Road,,
N/A (Overground Station),Beckton,,
N/A (Overground Station),Beckton Park,,
N/A (Overground Station),Beddington Lane,,
N/A (Overground Station),Belgrave Walk,,
N/A (Overground Station),Bellingham,Bellingham,
N/A (Overground Station),Belmont,,
N/A (Overground Station),Belvedere,,
N/A (Overground Station),Berrylands,,
N/A (Overground Station),Bethnal Green Rail,Bethnal Green,Bethnal Green
N/A (Overground Station),Bexley,,
N/A (Overground Station),Bexleyheath,,
N/A (Overground Station),Bickley,,
N/A (Overground Station),Birkbeck,,
N/A (Overground Station),Blackheath,Blackheath,
N/A (Overground Station),Blackhorse Lane,,
N/A (Overground Station),Blackwall,Blackwall,DLR Blackwall
N/A (Overground Station),Bow Church,Bow Church,
N/A (Overground Station),Bowes Park,,
N/A (Overground Station),Brentford,,
N/A (Overground Station),Brentwood,,
N/A (Overground Station),Brimsdown,,
N/A (Overground Station),Brockley,Brockley,
N/A (Overground Station),Bromley North,,
N/A (Overground Station),Bromley South,,
N/A (Overground Station),Brondesbury,,
N/A (Overground Station),Brondesbury Park,,
N/A (Overground Station),Broxbourne,,
N/A (Overground Station),Bruce Grove,,
N/A (Overground Station),Burnham,,
N/A (Overground Station),Bush Hill Park,,
N/A (Overground Station),Bushey,,
N/A (Overground Station),Caledonian Road and Barnsbury,Caledonian Road & Barnsbury,
N/A (Overground Station),Cambridge Heath,Cambridge Heath,
N/A (Overground Station),Camden Road,,
N/A (Overground Station),Canonbury,Canonbury,
N/A (Overground Station),Carpenders Park,,
N/A (Overground Station),Carshalton,,
N/A (Overground Station),Carshalton Beeches,,
N/A (Overground Station),Castle Bar Park,,
N/A (Overground Station),Caterham,,
N/A (Overground Station),Catford,Catford,
N/A (Overground Station),Catford Bridge,Catford Bridge,
N/A (Overground Station),Centrale,,
N/A (Overground Station),Chadwell Heath,,
N/A (Overground Station),Chafford Hundred,,
N/A (Overground Station),Charlton,Charlton,
N/A (Overground Station),Cheam,,
N/A (Overground Station),Chelsfield,,
N/A (Overground Station),Cheshunt,,
N/A (Overground Station),Chessington North,,
N/A (Overground Station),Chessington South,,
N/A (Overground Station),Chingford,,
N/A (Overground Station),Chipstead,,
N/A (Overground Station),Chislehurst,,
N/A (Overground Station),Chiswick,,
N/A (Overground Station),Church Street,,
N/A (Overground Station),City Thameslink,,
N/A (Overground Station),Clapham High Street,Clapham High Street,
N/A (Overground Station),Clapham Junction,Clapham Junction,
N/A (Overground Station),Clapton,Clapton,
N/A (Overground Station),Clock House,,
N/A (Overground Station),Coombe Lane,,
N/A (Overground Station),Coulsdon South,,
N/A (Overground Station),Coulsdon Town,,
N/A (Overground Station),Crayford,,
N/A (Overground Station),Crews Hill,,
N/A (Overground Station),Cricklewood,,
N/A (Overground Station),Crofton Park,Crofton Park,
N/A (Overground Station),Crossharbour and London Arena,Crossharbour & London Arena,
N/A (Overground Station),Crouch Hill,,
N/A (Overground Station),Crystal Palace,Crystal Palace,
N/A (Overground Station),Custom House,,
N/A (Overground Station),Cutty Sark for Maritime Greenwich,Cutty Sark,
N/A (Overground Station),Cyprus,,
N/A (Overground Station),Dagenham Dock,,
N/A (Overground Station),Dalston Junction,Dalston Junction,
N/A (Overground Station),Dalston Kingsland,Dalston Kingsland,
N/A (Overground Station),Denmark Hill,Denmark Hill,
N/A (Overground Station),Deptford,Deptford,
N/A (Overground Station),Deptford Bridge,Deptford Bridge,
N/A (Overground Station),Devons Road,Devons Road,
N/A (Overground Station),Drayton Green,,
N/A (Overground Station),Drayton Park,Drayton Park,
N/A (Overground Station),Dundonald Road,,
N/A (Overground Station),Earlsfield,Earlsfield,
N/A (Overground Station),East Croydon,,
N/A (Overground Station),East Dulwich,East Dulwich,
N/A (Overground Station),East India,East India,East India
N/A (Overground Station),Eden Park,,
N/A (Overground Station),Edmonton Green,,
N/A (Overground Station),Elmers End,,
N/A (Overground Station),Elmstead Woods,Elmstead Woods,
N/A (Overground Station),Elstree and Borehamwood,,
N/A (Overground Station),Eltham,Eltham,
N/A (Overground Station),Elverson Road,Elverson Road,
N/A (Overground Station),Emerson Park,,
N/A (Overground Station),Enfield Chase,,
N/A (Overground Station),Enfield Lock,,
N/A (Overground Station),Enfield Town,,
N/A (Overground Station),Epsom Downs,,
N/A (Overground Station),Erith,,
N/A (Overground Station),Essex Road,Essex Road,
N/A (Overground Station),Ewell East,,
N/A (Overground Station),Ewell West,,
N/A (Overground Station),Falconwood,,
N/A (Overground Station),Feltham,,
N/A (Overground Station),Fenchurch Street,London Fenchurch Street,
N/A (Overground Station),Fieldway,,
N/A (Overground Station),Finchley Road and Frognal,,
N/A (Overground Station),Forest Gate,,
N/A (Overground Station),Forest Hill,Forest Hill,
N/A (Overground Station),Fulwell,,
N/A (Overground Station),Gallions Reach,,
N/A (Overground Station),George Street,,
N/A (Overground Station),Gidea Park,,
N/A (Overground Station),Gipsy Hill,Gipsy Hill,
N/A (Overground Station),Goodmayes,,
N/A (Overground Station),Gordon Hill,,
N/A (Overground Station),Gospel Oak,,
N/A (Overground Station),Grange Park,,
N/A (Overground Station),Gravel Hill,,
N/A (Overground Station),Greenwich,Greenwich,
N/A (Overground Station),Grove Park,Grove Park,
N/A (Overground Station),Hackbridge,,
N/A (Overground Station),Hackney Central,Hackney Central,
N/A (Overground Station),Hackney Downs,Hackney Downs,
N/A (Overground Station),Hackney Wick,Hackney Wick,
N/A (Overground Station),Hadley Wood,,
N/A (Overground Station),Haggerston,Haggerston,
N/A (Overground Station),Hampstead Heath,,
N/A (Overground Station),Hampton,,
N/A (Overground Station),Hampton Court,,
N/A (Overground Station),Hampton Wick,,
N/A (Overground Station),Hanwell,,
N/A (Overground Station),Harold Wood,,
N/A (Overground Station),Harringay,,
N/A (Overground Station),Harringay Green Lanes,,
N/A (Overground Station),Harrington Road,,
N/A (Overground Station),Hatch End,,
N/A (Overground Station),Haydons Road,Haydons Road,
N/A (Overground Station),Hayes,,
N/A (Overground Station),Hayes and Harlington,,
N/A (Overground Station),Headstone Lane,,
N/A (Overground Station),Hendon,,
N/A (Overground Station),Herne Hill,Herne Hill,
N/A (Overground Station),Heron Quays,Heron Quays,
N/A (Overground Station),Highams Park,,
N/A (Overground Station),Hither Green,Hither Green,
N/A (Overground Station),Homerton,Homerton,
N/A (Overground Station),Honor Oak Park,Honor Oak Park,
N/A (Overground Station),Hornsey,,
N/A (Overground Station),Hounslow,,
N/A (Overground Station),Hoxton,Hoxton,
N/A (Overground Station),Ilford,,
N/A (Overground Station),Imperial Wharf,Imperial Wharf,
N/A (Overground Station),Island Gardens,Island Gardens,
N/A (Overground Station),Isleworth,,
N/A (Overground Station),Iver,,
N/A (Overground Station),Kenley,,
N/A (Overground Station),Kensal Rise,,
N/A (Overground Station),Kent House,,
N/A (Overground Station),Kentish Town West,Kentish Town West,
N/A (Overground Station),Kew Bridge,,
N/A (Overground Station),Kidbrooke,Kidbrooke,
N/A (Overground Station),Kilburn High Road,Kilburn High Road,
N/A (Overground Station),King George V,,
N/A (Overground Station),King Henry's Drive,,
N/A (Overground Station),King's Cross,,
N/A (Overground Station),Kingston,,
N/A (Overground Station),Kingswood,,
N/A (Overground Station),Knockholt,,
N/A (Overground Station),Ladywell,Ladywell,
N/A (Overground Station),Langdon Park,Langdon Park,
N/A (Overground Station),Langley,,
N/A (Overground Station),Lea Bridge,Lea Bridge,
N/A (Overground Station),Lebanon Road,,
N/A (Overground Station),Lee,Lee (London),
N/A (Overground Station),Lewisham,Lewisham,
N/A (Overground Station),Leyton Midland Road,,
N/A (Overground Station),Leytonstone High Road,,
N/A (Overground Station),Limehouse,Limehouse,
N/A (Overground Station),Lloyd Park,,
N/A (Overground Station),London City Airport,,
N/A (Overground Station),London Fields,London Fields,
N/A (Overground Station),Loughborough Junction,Loughborough Junction,
N/A (Overground Station),Lower Sydenham,Lower Sydenham,
N/A (Overground Station),Maidenhead,,
N/A (Overground Station),Malden Manor,,
N/A (Overground Station),Manor Park,,
N/A (Overground Station),Maryland,,
N/A (Overground Station),Maze Hill,Maze Hill,
N/A (Overground Station),Merton Park,,
N/A (Overground Station),Mill Hill Broadway,,
N/A (Overground Station),Mitcham,,
N/A (Overground Station),Mitcham Eastfields,Mitcham Eastfields,
N/A (Overground Station),Mitcham Junction,,
N/A (Overground Station),Monument,,
N/A (Overground Station),Morden Road,,
N/A (Overground Station),Morden South,,
N/A (Overground Station),Mortlake,Mortlake,
N/A (Overground Station),Motspur Park,,
N/A (Overground Station),Mottingham,Mottingham,
N/A (Overground Station),Mudchute,Mudchute,
N/A (Overground Station),New Addington,,
N/A (Overground Station),New Barnet,,
N/A (Overground Station),New Beckenham,New Beckenham,
N/A (Overground Station),New Cross,New Cross,
N/A (Overground Station),New Cross Gate,New Cross Gate,
N/A (Overground Station),New Eltham,,
N/A (Overground Station),New Malden,New Malden,
N/A (Overground Station),New Southgate,,
N/A (Overground Station),Nine Elms,,
N/A (Overground Station),Norbiton,Norbiton,
N/A (Overground Station),Norbury,Norbury,
N/A (Overground Station),North Dulwich,North Dulwich,
N/A (Overground Station),North Sheen,,
N/A (Overground Station),Northolt Park,,
N/A (Overground Station),Northumberland Park,,
N/A (Overground Station),Norwood Junction,,
N/A (Overground Station),Nunhead,Nunhead,
N/A (Overground Station),Oakleigh Park,,
N/A (Overground Station),Ockendon,,
N/A (Overground Station),Orpington,,
N/A (Overground Station),Palmers Green,,
N/A (Overground Station),Peckham Rye,Peckham Rye,
N/A (Overground Station),Penge East,Penge East,
N/A (Overground Station),Penge West,Penge West,
N/A (Overground Station),Petts Wood,,
N/A (Overground Station),Phipps Bridge,,
N/A (Overground Station),Plumstead,,
N/A (Overground Station),Ponders End,,
N/A (Overground Station),Pontoon Dock,,
N/A (Overground Station),Poplar,Poplar,
N/A (Overground Station),Prince Regent,,
N/A (Overground Station),Pudding Mill Lane,Pudding Mill Lane,Pudding Mill Lane
N/A (Overground Station),Purfleet,,
N/A (Overground Station),Purley,,
N/A (Overground Station),Purley Oaks,,
N/A (Overground Station),Putney,Putney,
N/A (Overground Station),Queens Road Peckham,Queens Road (Peckham),
N/A (Overground Station),Queenstown Road,Queenstown Road (Battersea),
N/A (Overground Station),Rainham,,
N/A (Overground Station),Ravensbourne,Ravensbourne,
N/A (Overground Station),Rayners Lane,,
N/A (Overground Station),Reading,,
N/A (Overground Station),Rectory Road,Rectory Road,
N/A (Overground Station),Reedham,,
N/A (Overground Station),Reeves Corner,,
N/A (Overground Station),Riddlesdown,,
N/A (Overground Station),Romford,,
N/A (Overground Station),Rotherhithe,Rotherhithe,
N/A (Overground Station),Royal Albert,,
N/A (Overground Station),Royal Victoria,,
N/A (Overground Station),Sanderstead,,
N/A (Overground Station),Sandilands,,
N/A (Overground Station),Selhurst,,
N/A (Overground Station),Seven Kings,,
N/A (Overground Station),Shadwell,Shadwell,
N/A (Overground Station),Shenfield,,
N/A (Overground Station),Shoreditch High Street,Shoreditch High Street,
N/A (Overground Station),Shortlands,,
N/A (Overground Station),Sidcup,,
N/A (Overground Station),Silver Street,,
N/A (Overground Station),Slade Green,,
N/A (Overground Station),Slough,,
N/A (Overground Station),South Acton,,
N/A (Overground Station),South Bermondsey,South Bermondsey,
N/A (Overground Station),South Croydon,,
N/A (Overground Station),South Greenford,,
N/A (Overground Station),South Hampstead,South Hampstead,
N/A (Overground Station),South Merton,,
N/A (Overground Station),South Quay,South Quay,
N/A (Overground Station),South Tottenham,,
N/A (Overground Station),Southall,,
N/A (Overground Station),Southbury,,
N/A (Overground Station),St Helier,,
N/A (Overground Station),St James Street,,
N/A (Overground Station),St Johns,St Johns (London),
N/A (Overground Station),St Margarets,,
N/A (Overground Station),St Mary Cray,,
N/A (Overground Station),St Pancras,London St Pancras (Intl),
N/A (Overground Station),St Pancras,London St Pancras International,
N/A (Overground Station),Stamford Hill,Stamford Hill,
N/A (Overground Station),Star Lane,Star Lane,Star Lane
N/A (Overground Station),Stoke Newington,Stoke Newington,
N/A (Overground Station),Stoneleigh,,
N/A (Overground Station),Stratford High Street,Stratford High Street,
N/A (Overground Station),Stratford International,,Stratford International
N/A (Overground Station),Strawberry Hill,,
N/A (Overground Station),Streatham,Streatham (Greater London),
N/A (Overground Station),Streatham Common,Streatham Common,
N/A (Overground Station),Streatham Hill,Streatham Hill,
N/A (Overground Station),Sudbury and Harrow Road,,
N/A (Overground Station),Sudbury Hill Harrow,,
N/A (Overground Station),Sundridge Park,Sundridge Park,
N/A (Overground Station),Surbiton,,
N/A (Overground Station),Surrey Quays,Surrey Quays,
N/A (Overground Station),Sutton,,
N/A (Overground Station),Sutton Common,,
N/A (Overground Station),Sydenham,Sydenham (London),
N/A (Overground Station),Sydenham Hill,Sydenham Hill,
N/A (Overground Station),Syon Lane,,
N/A (Overground Station),Tadworth,,
N/A (Overground Station),Taplow,,
N/A (Overground Station),Tattenham Corner,,
N/A (Overground Station),Teddington,,
N/A (Overground Station),Thames Ditton,,
N/A (Overground Station),Theobalds Grove,,
N/A (Overground Station),Therapia Lane,,
N/A (Overground Station),Thornton Heath,Thornton Heath,
N/A (Overground Station),Tolworth,,
N/A (Overground Station),Tooting,Tooting,
N/A (Overground Station),Tower Gateway,Tower Gateway,Tower Gateway
N/A (Overground Station),Tulse Hill,Tulse Hill,
N/A (Overground Station),Turkey Street,,
N/A (Overground Station),Twickenham,,
N/A (Overground Station),Twyford,,
N/A (Overground Station),Upper Holloway,Upper Holloway,
N/A (Overground Station),Upper Warlingham,,
N/A (Overground Station),Waddon,,
N/A (Overground Station),Waddon Marsh,,
N/A (Overground Station),Wallington,,
N/A (Overground Station),Waltham Cross,,
N/A (Overground Station),Walthamstow Queens Road,,
N/A (Overground Station),Wandle Park,,
N/A (Overground Station),Wandsworth Common,Wandsworth Common,
N/A (Overground Station),Wandsworth Road,Wandsworth Road,
N/A (Overground Station),Wandsworth Town,Wandsworth Town,
N/A (Overground Station),Wanstead Park,,
N/A (Overground Station),Wapping,Wapping,
N/A (Overground Station),Waterloo,Waterloo,
N/A (Overground Station),Waterloo,London Waterloo,
N/A (Overground Station),Watford High Street,,
N/A (Overground Station),Watford Junction,,
N/A (Overground Station),Wellesley Road,,
N/A (Overground Station),Welling,,
N/A (Overground Station),Wembley Stadium,,
N/A (Overground Station),West Croydon,,
N/A (Overground Station),West Drayton,,
N/A (Overground Station),West Dulwich,West Dulwich,
N/A (Overground Station),West Ealing,,
N/A (Overground Station),West Hampstead Thameslink,,
N/A (Overground Station),West India Quay,West India Quay,
N/A (Overground Station),West Norwood,West Norwood,
N/A (Overground Station),West Silvertown,,
N/A (Overground Station),West Sutton,,
N/A (Overground Station),West Wickham,,
N/A (Overground Station),Westcombe Park,Westcombe Park,
N/A (Overground Station),Westferry,Westferry,DLR Westferry
N/A (Overground Station),White Hart Lane,,
N/A (Overground Station),Whitton,,
N/A (Overground Station),Whyteleafe,,
N/A (Overground Station),Whyteleafe South,,
N/A (Overground Station),Wimbledon Chase,,
N/A (Overground Station),Winchmore Hill,,
N/A (Overground Station),Wood Street,,
N/A (Overground Station),Woodgrange Park,,
N/A (Overground Station),Woodmansterne,,
N/A (Overground Station),Woodside,,
N/A (Overground Station),Woolwich,,
N/A (Overground Station),Woolwich Arsenal,,
N/A (Overground Station),Woolwich Dockyard,,
N/A (Overground Station),Worcester Park,,
N/A (Pier),N/A (Pier),Chelsea Harbour Pier,
N/A (Pier),N/A (Pier),Putney Pier,
N/A (Pier),N/A (Pier),Wandsworth Riverside Quarter Pier,
N/A (Pier),N/A (Pier),Cadogan Pier,
N/A (Pier),N/A (Pier),St George Wharf Pier,
N/A (Pier),N/A (Pier),Millbank Millennium Pier,
N/A (Pier),N/A (Pier),Lambeth Pier,
N/A (Pier),N/A (Pier),London Eye Millennium Pier,
N/A (Pier),N/A (Pier),Blackfriars Millennium Pier,
N/A (Pier),N/A (Pier),Westminster Millennium Pier,
N/A (Pier),N/A (Pier),Festival Pier,
N/A (Pier),N/A (Pier),Greenland Pier,
N/A (Pier),N/A (Pier),Savoy Pier,
N/A (Pier),N/A (Pier),East India Pier,
N/A (Pier),N/A (Pier),Canary Wharf Pier,
N/A (Pier),N/A (Pier),Bankside Pier,
N/A (Pier),N/A (Pier),London Bridge City Pier,
N/A (Pier),N/A (Pier),Tower Millennium Pier,
N/A (Pier),N/A (Pier),Hilton Docklands Nelson Dock Pier,
N/A (Pier),N/A (Pier),St Katharine's Pier,
N/A (Pier),N/A (Pier),Masthouse Terrace Pier,
N/A (Pier),N/A (Pier),Greenwich Pier,
N/A (Undefined),N/A (Undefined),,nan
